{"cameraMode":{"drawMode":0,"name":"Shaded","section":"Shading Mode"},"sceneLighting":true,"audioPlay":false,"sceneViewState":{"m_AlwaysRefresh":false,"showFog":true,"showSkybox":true,"showFlares":true,"showImageEffects":true,"showParticleSystems":true,"showVisualEffectGraphs":true,"m_FxEnabled":true},"in2DMode":false,"pivot":{"x":-4.565946102142334,"y":1.953944444656372,"z":1.9816101789474488},"rotation":{"x":0.05353521555662155,"y":-0.1269684135913849,"z":0.006863180547952652,"w":0.9904283285140991},"size":8.687337875366211,"orthographic":false}